data,cambio,desemprego,ipca,pib,selic
2020-11-01,,14.3,0.89,679797.6,
2020-11-15,,,,,2.0
2020-11-16,5.4198,,,,2.0
2020-11-17,5.3968,,,,2.0
2020-11-18,5.2932,,,,2.0
2020-11-19,5.333,,,,2.0
2020-11-20,5.3505,,,,2.0
2020-11-21,,,,,2.0
2020-11-22,,,,,2.0
2020-11-23,5.3828,,,,2.0
2020-11-24,5.4037,,,,2.0
2020-11-25,5.3508,,,,2.0
2020-11-26,5.3201,,,,2.0
2020-11-27,5.3494,,,,2.0
2020-11-28,,,,,2.0
2020-11-29,,,,,2.0
2020-11-30,5.3317,,,,2.0
2020-12-01,5.2789,14.2,1.35,705468.7,2.0
2020-12-02,5.2267,,,,2.0
2020-12-03,5.1625,,,,2.0
2020-12-04,5.1706,,,,2.0
2020-12-05,,,,,2.0
2020-12-06,,,,,2.0
2020-12-07,5.1018,,,,2.0
2020-12-08,5.092,,,,2.0
2020-12-09,5.1109,,,,2.0
2020-12-10,5.0852,,,,2.0
2020-12-11,5.0691,,,,2.0
2020-12-12,,,,,2.0
2020-12-13,,,,,2.0
2020-12-14,5.0578,,,,2.0
2020-12-15,5.0968,,,,2.0
2020-12-16,5.1057,,,,2.0
2020-12-17,5.0612,,,,2.0
2020-12-18,5.0986,,,,2.0
2020-12-19,,,,,2.0
2020-12-20,,,,,2.0
2020-12-21,5.1572,,,,2.0
2020-12-22,5.1473,,,,2.0
2020-12-23,5.174,,,,2.0
2020-12-24,5.18,,,,2.0
2020-12-25,,,,,2.0
2020-12-26,,,,,2.0
2020-12-27,,,,,2.0
2020-12-28,5.239,,,,2.0
2020-12-29,5.1942,,,,2.0
2020-12-30,5.1967,,,,2.0
2020-12-31,5.1967,,,,2.0
2021-01-01,,14.4,0.25,679779.0,2.0
2021-01-02,,,,,2.0
2021-01-03,,,,,2.0
2021-01-04,5.1626,,,,2.0
2021-01-05,5.3269,,,,2.0
2021-01-06,5.3182,,,,2.0
2021-01-07,5.3433,,,,2.0
2021-01-08,5.3683,,,,2.0
2021-01-09,,,,,2.0
2021-01-10,,,,,2.0
2021-01-11,5.4966,,,,2.0
2021-01-12,5.4637,,,,2.0
2021-01-13,5.307,,,,2.0
2021-01-14,5.2617,,,,2.0
2021-01-15,5.2714,,,,2.0
2021-01-16,,,,,2.0
2021-01-17,,,,,2.0
2021-01-18,5.2788,,,,2.0
2021-01-19,5.2945,,,,2.0
2021-01-20,5.3033,,,,2.0
2021-01-21,5.3166,,,,2.0
2021-01-22,5.4301,,,,2.0
2021-01-23,,,,,2.0
2021-01-24,,,,,2.0
2021-01-25,5.5089,,,,2.0
2021-01-26,5.3865,,,,2.0
2021-01-27,5.3824,,,,2.0
2021-01-28,5.4282,,,,2.0
2021-01-29,5.4759,,,,2.0
2021-01-30,,,,,2.0
2021-01-31,,,,,2.0
2021-02-01,5.4608,14.6,0.86,707127.4,2.0
2021-02-02,5.3875,,,,2.0
2021-02-03,5.3423,,,,2.0
2021-02-04,5.391,,,,2.0
2021-02-05,5.3884,,,,2.0
2021-02-06,,,,,2.0
2021-02-07,,,,,2.0
2021-02-08,5.367,,,,2.0
2021-02-09,5.4216,,,,2.0
2021-02-10,5.4024,,,,2.0
2021-02-11,5.3626,,,,2.0
2021-02-12,5.3815,,,,2.0
2021-02-13,,,,,2.0
2021-02-14,,,,,2.0
2021-02-15,,,,,2.0
2021-02-16,,,,,2.0
2021-02-17,5.4138,,,,2.0
2021-02-18,5.4238,,,,2.0
2021-02-19,5.3924,,,,2.0
2021-02-20,,,,,2.0
2021-02-21,,,,,2.0
2021-02-22,5.5044,,,,2.0
2021-02-23,5.449,,,,2.0
2021-02-24,5.4182,,,,2.0
2021-02-25,5.46,,,,2.0
2021-02-26,5.5302,,,,2.0
2021-02-27,,,,,2.0
2021-02-28,,,,,2.0
2021-03-01,5.5832,14.9,0.93,769763.7,2.0
2021-03-02,5.6844,,,,2.0
2021-03-03,5.7342,,,,2.0
2021-03-04,5.6008,,,,2.0
2021-03-05,5.687,,,,2.0
2021-03-06,,,,,2.0
2021-03-07,,,,,2.0
2021-03-08,5.7343,,,,2.0
2021-03-09,5.8397,,,,2.0
2021-03-10,5.7449,,,,2.0
2021-03-11,5.589,,,,2.0
2021-03-12,5.564,,,,2.0
2021-03-13,,,,,2.0
2021-03-14,,,,,2.0
2021-03-15,5.6296,,,,2.0
2021-03-16,5.5851,,,,2.0
2021-03-17,5.6579,,,,2.0
2021-03-18,5.5474,,,,2.75
2021-03-19,5.5082,,,,2.75
2021-03-20,,,,,2.75
2021-03-21,,,,,2.75
2021-03-22,5.5269,,,,2.75
2021-03-23,5.4951,,,,2.75
2021-03-24,5.533,,,,2.75
2021-03-25,5.6585,,,,2.75
2021-03-26,5.7042,,,,2.75
2021-03-27,,,,,2.75
2021-03-28,,,,,2.75
2021-03-29,5.7925,,,,2.75
2021-03-30,5.7642,,,,2.75
2021-03-31,5.6973,,,,2.75
2021-04-01,5.6849,14.8,0.31,737671.2,2.75
2021-04-02,,,,,2.75
2021-04-03,,,,,2.75
2021-04-04,,,,,2.75
2021-04-05,5.6579,,,,2.75
2021-04-06,5.6263,,,,2.75
2021-04-07,5.5864,,,,2.75
2021-04-08,5.5817,,,,2.75
2021-04-09,5.6445,,,,2.75
2021-04-10,,,,,2.75
2021-04-11,,,,,2.75
2021-04-12,5.6582,,,,2.75
2021-04-13,5.7064,,,,2.75
2021-04-14,5.6936,,,,2.75
2021-04-15,5.6234,,,,2.75
2021-04-16,5.6328,,,,2.75
2021-04-17,,,,,2.75
2021-04-18,,,,,2.75
2021-04-19,5.575,,,,2.75
2021-04-20,5.5266,,,,2.75
2021-04-21,,,,,2.75
2021-04-22,5.497,,,,2.75
2021-04-23,5.4787,,,,2.75
2021-04-24,,,,,2.75
2021-04-25,,,,,2.75
2021-04-26,5.4566,,,,2.75
2021-04-27,5.4424,,,,2.75
2021-04-28,5.4005,,,,2.75
2021-04-29,5.3662,,,,2.75
2021-04-30,5.4036,,,,2.75
2021-05-01,,14.7,0.83,731545.8,2.75
2021-05-02,,,,,2.75
2021-05-03,5.4087,,,,2.75
2021-05-04,5.4505,,,,2.75
2021-05-05,5.3872,,,,2.75
2021-05-06,5.2897,,,,3.5
2021-05-07,5.2217,,,,3.5
2021-05-08,,,,,3.5
2021-05-09,,,,,3.5
2021-05-10,5.2227,,,,3.5
2021-05-11,5.2403,,,,3.5
2021-05-12,5.2353,,,,3.5
2021-05-13,5.2815,,,,3.5
2021-05-14,5.2701,,,,3.5
2021-05-15,,,,,3.5
2021-05-16,,,,,3.5
2021-05-17,5.2755,,,,3.5
2021-05-18,5.2588,,,,3.5
2021-05-19,5.2822,,,,3.5
2021-05-20,5.2905,,,,3.5
2021-05-21,5.3027,,,,3.5
2021-05-22,,,,,3.5
2021-05-23,,,,,3.5
2021-05-24,5.3198,,,,3.5
2021-05-25,5.3143,,,,3.5
2021-05-26,5.3164,,,,3.5
2021-05-27,5.284,,,,3.5
2021-05-28,5.2281,,,,3.5
2021-05-29,,,,,3.5
2021-05-30,,,,,3.5
2021-05-31,5.2322,,,,3.5
2021-06-01,5.1636,14.2,0.53,734421.7,3.5
2021-06-02,5.1147,,,,3.5
2021-06-03,,,,,3.5
2021-06-04,5.0666,,,,3.5
2021-06-05,,,,,3.5
2021-06-06,,,,,3.5
2021-06-07,5.0498,,,,3.5
2021-06-08,5.0489,,,,3.5
2021-06-09,5.0533,,,,3.5
2021-06-10,5.0635,,,,3.5
2021-06-11,5.119,,,,3.5
2021-06-12,,,,,3.5
2021-06-13,,,,,3.5
2021-06-14,5.0707,,,,3.5
2021-06-15,5.0874,,,,3.5
2021-06-16,5.0207,,,,3.5
2021-06-17,5.0359,,,,4.25
2021-06-18,5.0314,,,,4.25
2021-06-19,,,,,4.25
2021-06-20,,,,,4.25
2021-06-21,5.0373,,,,4.25
2021-06-22,5.0178,,,,4.25
2021-06-23,4.9519,,,,4.25
2021-06-24,4.9277,,,,4.25
2021-06-25,4.9206,,,,4.25
2021-06-26,,,,,4.25
2021-06-27,,,,,4.25
2021-06-28,4.942,,,,4.25
2021-06-29,4.945,,,,4.25
2021-06-30,5.0022,,,,4.25
2021-07-01,5.0055,13.7,0.96,765622.8,4.25
2021-07-02,5.0293,,,,4.25
2021-07-03,,,,,4.25
2021-07-04,,,,,4.25
2021-07-05,5.0749,,,,4.25
2021-07-06,5.1645,,,,4.25
2021-07-07,5.2328,,,,4.25
2021-07-08,5.2587,,,,4.25
2021-07-09,5.2393,,,,4.25
2021-07-10,,,,,4.25
2021-07-11,,,,,4.25
2021-07-12,5.2239,,,,4.25
2021-07-13,5.177,,,,4.25
2021-07-14,5.088,,,,4.25
2021-07-15,5.1,,,,4.25
2021-07-16,5.0941,,,,4.25
2021-07-17,,,,,4.25
2021-07-18,,,,,4.25
2021-07-19,5.1978,,,,4.25
2021-07-20,5.2465,,,,4.25
2021-07-21,5.2516,,,,4.25
2021-07-22,5.1978,,,,4.25
2021-07-23,5.1701,,,,4.25
2021-07-24,,,,,4.25
2021-07-25,,,,,4.25
2021-07-26,5.1863,,,,4.25
2021-07-27,5.1669,,,,4.25
2021-07-28,5.1527,,,,4.25
2021-07-29,5.0682,,,,4.25
2021-07-30,5.1216,,,,4.25
2021-07-31,,,,,4.25
2021-08-01,,13.2,0.87,767729.7,4.25
2021-08-02,5.1379,,,,4.25
2021-08-03,5.2464,,,,4.25
2021-08-04,5.2091,,,,4.25
2021-08-05,5.1464,,,,5.25
2021-08-06,5.241,,,,5.25
2021-08-07,,,,,5.25
2021-08-08,,,,,5.25
2021-08-09,5.2774,,,,5.25
2021-08-10,5.2217,,,,5.25
2021-08-11,5.2013,,,,5.25
2021-08-12,5.2351,,,,5.25
2021-08-13,5.2474,,,,5.25
2021-08-14,,,,,5.25
2021-08-15,,,,,5.25
2021-08-16,5.2495,,,,5.25
2021-08-17,5.2585,,,,5.25
2021-08-18,5.3025,,,,5.25
2021-08-19,5.418,,,,5.25
2021-08-20,5.4274,,,,5.25
2021-08-21,,,,,5.25
2021-08-22,,,,,5.25
2021-08-23,5.3686,,,,5.25
2021-08-24,5.3017,,,,5.25
2021-08-25,5.2465,,,,5.25
2021-08-26,5.2429,,,,5.25
2021-08-27,5.22,,,,5.25
2021-08-28,,,,,5.25
2021-08-29,,,,,5.25
2021-08-30,5.1952,,,,5.25
2021-08-31,5.1433,,,,5.25
2021-09-01,5.1576,12.7,1.16,762498.5,5.25
2021-09-02,5.1735,,,,5.25
2021-09-03,5.1685,,,,5.25
2021-09-04,,,,,5.25
2021-09-05,,,,,5.25
2021-09-06,5.1773,,,,5.25
2021-09-07,,,,,5.25
2021-09-08,5.2524,,,,5.25
2021-09-09,5.2825,,,,5.25
2021-09-10,5.2158,,,,5.25
2021-09-11,,,,,5.25
2021-09-12,,,,,5.25
2021-09-13,5.219,,,,5.25
2021-09-14,5.226,,,,5.25
2021-09-15,5.2576,,,,5.25
2021-09-16,5.2594,,,,5.25
2021-09-17,5.3103,,,,5.25
2021-09-18,,,,,5.25
2021-09-19,,,,,5.25
2021-09-20,5.3332,,,,5.25
2021-09-21,5.3044,,,,5.25
2021-09-22,5.2783,,,,5.25
2021-09-23,5.2891,,,,6.25
2021-09-24,5.3435,,,,6.25
2021-09-25,,,,,6.25
2021-09-26,,,,,6.25
2021-09-27,5.3478,,,,6.25
2021-09-28,5.4206,,,,6.25
2021-09-29,5.4173,,,,6.25
2021-09-30,5.4394,,,,6.25
2021-10-01,5.3911,12.1,1.25,772600.0,6.25
2021-10-02,,,,,6.25
2021-10-03,,,,,6.25
2021-10-04,5.4204,,,,6.25
2021-10-05,5.4611,,,,6.25
2021-10-06,5.5097,,,,6.25
2021-10-07,5.514,,,,6.25
2021-10-08,5.5084,,,,6.25
2021-10-09,,,,,6.25
2021-10-10,,,,,6.25
2021-10-11,5.5161,,,,6.25
2021-10-12,,,,,6.25
2021-10-13,5.5471,,,,6.25
2021-10-14,5.4988,,,,6.25
2021-10-15,5.451,,,,6.25
2021-10-16,,,,,6.25
2021-10-17,,,,,6.25
2021-10-18,5.5193,,,,6.25
2021-10-19,5.5521,,,,6.25
2021-10-20,5.5571,,,,6.25
2021-10-21,5.6423,,,,6.25
2021-10-22,5.7117,,,,6.25
2021-10-23,,,,,6.25
2021-10-24,,,,,6.25
2021-10-25,5.5973,,,,6.25
2021-10-26,5.58,,,,6.25
2021-10-27,5.5667,,,,6.25
2021-10-28,5.6124,,,,7.75
2021-10-29,5.643,,,,7.75
2021-10-30,,,,,7.75
2021-10-31,,,,,7.75
2021-11-01,5.6694,11.6,0.95,788256.3,7.75
2021-11-02,,,,,7.75
2021-11-03,5.6672,,,,7.75
2021-11-04,5.5942,,,,7.75
2021-11-05,5.5455,,,,7.75
2021-11-06,,,,,7.75
2021-11-07,,,,,7.75
2021-11-08,5.5627,,,,7.75
2021-11-09,5.4957,,,,7.75
2021-11-10,5.459,,,,7.75
2021-11-11,5.4171,,,,7.75
2021-11-12,5.4199,,,,7.75
2021-11-13,,,,,7.75
2021-11-14,,,,,7.75
2021-11-15,,,,,7.75
2021-11-16,5.4772,,,,7.75
2021-11-17,5.4993,,,,7.75
2021-11-18,5.547,,,,7.75
2021-11-19,5.5584,,,,7.75
2021-11-20,,,,,7.75
2021-11-21,,,,,7.75
2021-11-22,5.5841,,,,7.75
2021-11-23,5.6456,,,,7.75
2021-11-24,5.6027,,,,7.75
2021-11-25,5.574,,,,7.75
2021-11-26,5.5865,,,,7.75
2021-11-27,,,,,7.75
2021-11-28,,,,,7.75
2021-11-29,5.6118,,,,7.75
2021-11-30,5.6199,,,,7.75
2021-12-01,5.6168,11.1,0.73,795125.7,7.75
2021-12-02,5.6345,,,,7.75
2021-12-03,5.6432,,,,7.75
2021-12-04,,,,,7.75
2021-12-05,,,,,7.75
2021-12-06,5.6877,,,,7.75
2021-12-07,5.6411,,,,7.75
2021-12-08,5.5779,,,,7.75
2021-12-09,5.5564,,,,9.25
2021-12-10,5.5931,,,,9.25
2021-12-11,,,,,9.25
2021-12-12,,,,,9.25
2021-12-13,5.6357,,,,9.25
2021-12-14,5.6461,,,,9.25
2021-12-15,5.7127,,,,9.25
2021-12-16,5.6963,,,,9.25
2021-12-17,5.6959,,,,9.25
2021-12-18,,,,,9.25
2021-12-19,,,,,9.25
2021-12-20,5.7055,,,,9.25
2021-12-21,5.7372,,,,9.25
2021-12-22,5.7201,,,,9.25
2021-12-23,5.691,,,,9.25
2021-12-24,5.6591,,,,9.25
2021-12-25,,,,,9.25
2021-12-26,,,,,9.25
2021-12-27,5.665,,,,9.25
2021-12-28,5.6438,,,,9.25
2021-12-29,5.6619,,,,9.25
2021-12-30,5.5805,,,,9.25
2021-12-31,5.5805,,,,9.25
2022-01-01,,11.2,0.54,723753.6,9.25
2022-01-02,,,,,9.25
2022-01-03,5.6309,,,,9.25
2022-01-04,5.6776,,,,9.25
2022-01-05,5.6628,,,,9.25
2022-01-06,5.7042,,,,9.25
2022-01-07,5.6753,,,,9.25
2022-01-08,,,,,9.25
2022-01-09,,,,,9.25
2022-01-10,5.6736,,,,9.25
2022-01-11,5.6351,,,,9.25
2022-01-12,5.5611,,,,9.25
2022-01-13,5.5246,,,,9.25
2022-01-14,5.5349,,,,9.25
2022-01-15,,,,,9.25
2022-01-16,,,,,9.25
2022-01-17,5.5058,,,,9.25
2022-01-18,5.5213,,,,9.25
2022-01-19,5.4978,,,,9.25
2022-01-20,5.4166,,,,9.25
2022-01-21,5.4401,,,,9.25
2022-01-22,,,,,9.25
2022-01-23,,,,,9.25
2022-01-24,5.491,,,,9.25
2022-01-25,5.4971,,,,9.25
2022-01-26,5.4324,,,,9.25
2022-01-27,5.3812,,,,9.25
2022-01-28,5.3954,,,,9.25
2022-01-29,,,,,9.25
2022-01-30,,,,,9.25
2022-01-31,5.3574,,,,9.25
2022-02-01,5.281,11.2,1.01,753468.2,9.25
2022-02-02,5.2956,,,,9.25
2022-02-03,5.3025,,,,10.75
2022-02-04,5.3284,,,,10.75
2022-02-05,,,,,10.75
2022-02-06,,,,,10.75
2022-02-07,5.2913,,,,10.75
2022-02-08,5.2699,,,,10.75
2022-02-09,5.2735,,,,10.75
2022-02-10,5.2101,,,,10.75
2022-02-11,5.1987,,,,10.75
2022-02-12,,,,,10.75
2022-02-13,,,,,10.75
2022-02-14,5.2106,,,,10.75
2022-02-15,5.1881,,,,10.75
2022-02-16,5.163,,,,10.75
2022-02-17,5.1565,,,,10.75
2022-02-18,5.1339,,,,10.75
2022-02-19,,,,,10.75
2022-02-20,,,,,10.75
2022-02-21,5.0997,,,,10.75
2022-02-22,5.0611,,,,10.75
2022-02-23,5.0143,,,,10.75
2022-02-24,5.1174,,,,10.75
2022-02-25,5.1394,,,,10.75
2022-02-26,,,,,10.75
2022-02-27,,,,,10.75
2022-02-28,,,,,10.75
2022-03-01,,11.1,1.62,842306.4,10.75
2022-03-02,5.1347,,,,10.75
2022-03-03,5.0479,,,,10.75
2022-03-04,5.0758,,,,10.75
2022-03-05,,,,,10.75
2022-03-06,,,,,10.75
2022-03-07,5.0579,,,,10.75
2022-03-08,5.0903,,,,10.75
2022-03-09,5.0094,,,,10.75
2022-03-10,5.0513,,,,10.75
2022-03-11,5.0255,,,,10.75
2022-03-12,,,,,10.75
2022-03-13,,,,,10.75
2022-03-14,5.0647,,,,10.75
2022-03-15,5.1314,,,,10.75
2022-03-16,5.1287,,,,10.75
2022-03-17,5.0764,,,,11.75
2022-03-18,5.0411,,,,11.75
2022-03-19,,,,,11.75
2022-03-20,,,,,11.75
2022-03-21,4.9666,,,,11.75
2022-03-22,4.9208,,,,11.75
2022-03-23,4.8704,,,,11.75
2022-03-24,4.8067,,,,11.75
2022-03-25,4.7782,,,,11.75
2022-03-26,,,,,11.75
2022-03-27,,,,,11.75
2022-03-28,4.7905,,,,11.75
2022-03-29,4.7486,,,,11.75
2022-03-30,4.7497,,,,11.75
2022-03-31,4.7378,,,,11.75
2022-04-01,4.6984,10.5,1.06,832164.1,11.75
2022-04-02,,,,,11.75
2022-04-03,,,,,11.75
2022-04-04,4.6175,,,,11.75
2022-04-05,4.64,,,,11.75
2022-04-06,4.6967,,,,11.75
2022-04-07,4.7422,,,,11.75
2022-04-08,4.7513,,,,11.75
2022-04-09,,,,,11.75
2022-04-10,,,,,11.75
2022-04-11,4.7025,,,,11.75
2022-04-12,4.6483,,,,11.75
2022-04-13,4.6811,,,,11.75
2022-04-14,4.7158,,,,11.75
2022-04-15,,,,,11.75
2022-04-16,,,,,11.75
2022-04-17,,,,,11.75
2022-04-18,4.6746,,,,11.75
2022-04-19,4.6664,,,,11.75
2022-04-20,4.6397,,,,11.75
2022-04-21,,,,,11.75
2022-04-22,4.7326,,,,11.75
2022-04-23,,,,,11.75
2022-04-24,,,,,11.75
2022-04-25,4.8818,,,,11.75
2022-04-26,4.9666,,,,11.75
2022-04-27,5.0167,,,,11.75
2022-04-28,5.011,,,,11.75
2022-04-29,4.9191,,,,11.75
2022-04-30,,,,,11.75
2022-05-01,,9.8,0.47,841829.7,11.75
2022-05-02,5.0266,,,,11.75
2022-05-03,5.0167,,,,11.75
2022-05-04,5.0093,,,,11.75
2022-05-05,5.0051,,,,12.75
2022-05-06,5.075,,,,12.75
2022-05-07,,,,,12.75
2022-05-08,,,,,12.75
2022-05-09,5.134,,,,12.75
2022-05-10,5.139,,,,12.75
2022-05-11,5.1244,,,,12.75
2022-05-12,5.1482,,,,12.75
2022-05-13,5.1075,,,,12.75
2022-05-14,,,,,12.75
2022-05-15,,,,,12.75
2022-05-16,5.0666,,,,12.75
2022-05-17,4.9676,,,,12.75
2022-05-18,4.9592,,,,12.75
2022-05-19,4.9198,,,,12.75
2022-05-20,4.8777,,,,12.75
2022-05-21,,,,,12.75
2022-05-22,,,,,12.75
2022-05-23,4.7973,,,,12.75
2022-05-24,4.8106,,,,12.75
2022-05-25,4.8359,,,,12.75
2022-05-26,4.7967,,,,12.75
2022-05-27,4.7434,,,,12.75
2022-05-28,,,,,12.75
2022-05-29,,,,,12.75
2022-05-30,4.7216,,,,12.75
2022-05-31,4.7289,,,,12.75
2022-06-01,4.7765,9.3,0.67,843487.6,12.75
2022-06-02,4.7879,,,,12.75
2022-06-03,4.7956,,,,12.75
2022-06-04,,,,,12.75
2022-06-05,,,,,12.75
2022-06-06,4.7839,,,,12.75
2022-06-07,4.8909,,,,12.75
2022-06-08,4.8711,,,,12.75
2022-06-09,4.8951,,,,12.75
2022-06-10,4.9836,,,,12.75
2022-06-11,,,,,12.75
2022-06-12,,,,,12.75
2022-06-13,5.1033,,,,12.75
2022-06-14,5.1203,,,,12.75
2022-06-15,5.1119,,,,12.75
2022-06-16,,,,,13.25
2022-06-17,5.1313,,,,13.25
2022-06-18,,,,,13.25
2022-06-19,,,,,13.25
2022-06-20,5.1641,,,,13.25
2022-06-21,5.1462,,,,13.25
2022-06-22,5.1509,,,,13.25
2022-06-23,5.1833,,,,13.25
2022-06-24,5.2334,,,,13.25
2022-06-25,,,,,13.25
2022-06-26,,,,,13.25
2022-06-27,5.2214,,,,13.25
2022-06-28,5.2179,,,,13.25
2022-06-29,5.2268,,,,13.25
2022-06-30,5.238,,,,13.25
2022-07-01,5.3142,9.1,-0.68,869096.4,13.25
2022-07-02,,,,,13.25
2022-07-03,,,,,13.25
2022-07-04,5.3038,,,,13.25
2022-07-05,5.3899,,,,13.25
2022-07-06,5.4321,,,,13.25
2022-07-07,5.364,,,,13.25
2022-07-08,5.3086,,,,13.25
2022-07-09,,,,,13.25
2022-07-10,,,,,13.25
2022-07-11,5.3477,,,,13.25
2022-07-12,5.412,,,,13.25
2022-07-13,5.3992,,,,13.25
2022-07-14,5.4568,,,,13.25
2022-07-15,5.4014,,,,13.25
2022-07-16,,,,,13.25
2022-07-17,,,,,13.25
2022-07-18,5.3675,,,,13.25
2022-07-19,5.3904,,,,13.25
2022-07-20,5.4288,,,,13.25
2022-07-21,5.475,,,,13.25
2022-07-22,5.4522,,,,13.25
2022-07-23,,,,,13.25
2022-07-24,,,,,13.25
2022-07-25,5.4144,,,,13.25
2022-07-26,5.3608,,,,13.25
2022-07-27,5.3074,,,,13.25
2022-07-28,5.2149,,,,13.25
2022-07-29,5.1884,,,,13.25
2022-07-30,,,,,13.25
2022-07-31,,,,,13.25
2022-08-01,5.1606,8.9,-0.36,873997.9,13.25
2022-08-02,5.2329,,,,13.25
2022-08-03,5.2846,,,,13.25
2022-08-04,5.2409,,,,13.75
2022-08-05,5.2165,,,,13.75
2022-08-06,,,,,13.75
2022-08-07,,,,,13.75
2022-08-08,5.1247,,,,13.75
2022-08-09,5.1224,,,,13.75
2022-08-10,5.0497,,,,13.75
2022-08-11,5.1127,,,,13.75
2022-08-12,5.1023,,,,13.75
2022-08-13,,,,,13.75
2022-08-14,,,,,13.75
2022-08-15,5.0925,,,,13.75
2022-08-16,5.134,,,,13.75
2022-08-17,5.1784,,,,13.75
2022-08-18,5.1773,,,,13.75
2022-08-19,5.1961,,,,13.75
2022-08-20,,,,,13.75
2022-08-21,,,,,13.75
2022-08-22,5.1709,,,,13.75
2022-08-23,5.103,,,,13.75
2022-08-24,5.105,,,,13.75
2022-08-25,5.1173,,,,13.75
2022-08-26,5.0903,,,,13.75
2022-08-27,,,,,13.75
2022-08-28,,,,,13.75
2022-08-29,5.0428,,,,13.75
2022-08-30,5.0617,,,,13.75
2022-08-31,5.179,,,,13.75
2022-09-01,5.2007,8.7,-0.29,858087.6,13.75
2022-09-02,5.1878,,,,13.75
2022-09-03,,,,,13.75
2022-09-04,,,,,13.75
2022-09-05,5.1686,,,,13.75
2022-09-06,5.2228,,,,13.75
2022-09-07,,,,,13.75
2022-09-08,5.2155,,,,13.75
2022-09-09,5.1633,,,,13.75
2022-09-10,,,,,13.75
2022-09-11,,,,,13.75
2022-09-12,5.1183,,,,13.75
2022-09-13,5.1794,,,,13.75
2022-09-14,5.1774,,,,13.75
2022-09-15,5.2211,,,,13.75
2022-09-16,5.2882,,,,13.75
2022-09-17,,,,,13.75
2022-09-18,,,,,13.75
2022-09-19,5.2367,,,,13.75
2022-09-20,5.1705,,,,13.75
2022-09-21,5.1692,,,,13.75
2022-09-22,5.1677,,,,13.75
2022-09-23,5.2257,,,,13.75
2022-09-24,,,,,13.75
2022-09-25,,,,,13.75
2022-09-26,5.3548,,,,13.75
2022-09-27,5.3508,,,,13.75
2022-09-28,5.3594,,,,13.75
2022-09-29,5.3916,,,,13.75
2022-09-30,5.4066,,,,13.75
2022-10-01,,8.3,0.59,880490.9,13.75
2022-10-02,,,,,13.75
2022-10-03,5.2002,,,,13.75
2022-10-04,5.1411,,,,13.75
2022-10-05,5.2144,,,,13.75
2022-10-06,5.2009,,,,13.75
2022-10-07,5.2221,,,,13.75
2022-10-08,,,,,13.75
2022-10-09,,,,,13.75
2022-10-10,5.1941,,,,13.75
2022-10-11,5.2068,,,,13.75
2022-10-12,,,,,13.75
2022-10-13,5.3017,,,,13.75
2022-10-14,5.2824,,,,13.75
2022-10-15,,,,,13.75
2022-10-16,,,,,13.75
2022-10-17,5.2713,,,,13.75
2022-10-18,5.2697,,,,13.75
2022-10-19,5.2808,,,,13.75
2022-10-20,5.2176,,,,13.75
2022-10-21,5.1919,,,,13.75
2022-10-22,,,,,13.75
2022-10-23,,,,,13.75
2022-10-24,5.2744,,,,13.75
2022-10-25,5.3091,,,,13.75
2022-10-26,5.3248,,,,13.75
2022-10-27,5.3003,,,,13.75
2022-10-28,5.3454,,,,13.75
2022-10-29,,,,,13.75
2022-10-30,,,,,13.75
2022-10-31,5.257,,,,13.75
2022-11-01,5.15,8.1,0.41,880772.7,13.75
2022-11-02,,,,,13.75
2022-11-03,5.1349,,,,13.75
2022-11-04,5.036,,,,13.75
2022-11-05,,,,,13.75
2022-11-06,,,,,13.75
2022-11-07,5.0886,,,,13.75
2022-11-08,5.1744,,,,13.75
2022-11-09,5.1629,,,,13.75
2022-11-10,5.3064,,,,13.75
2022-11-11,5.3051,,,,13.75
2022-11-12,,,,,13.75
2022-11-13,,,,,13.75
2022-11-14,5.3013,,,,13.75
2022-11-15,,,,,13.75
2022-11-16,5.3204,,,,13.75
2022-11-17,5.4655,,,,13.75
2022-11-18,5.3477,,,,13.75
2022-11-19,,,,,13.75
2022-11-20,,,,,13.75
2022-11-21,5.3259,,,,13.75
2022-11-22,5.3339,,,,13.75
2022-11-23,5.393,,,,13.75
2022-11-24,5.3149,,,,13.75
2022-11-25,5.3508,,,,13.75
2022-11-26,,,,,13.75
2022-11-27,,,,,13.75
2022-11-28,5.3796,,,,13.75
2022-11-29,5.3076,,,,13.75
2022-11-30,5.2941,,,,13.75
2022-12-01,5.1948,7.9,0.62,880221.5,13.75
2022-12-02,5.1974,,,,13.75
2022-12-03,,,,,13.75
2022-12-04,,,,,13.75
2022-12-05,5.2464,,,,13.75
2022-12-06,5.2396,,,,13.75
2022-12-07,5.2208,,,,13.75
2022-12-08,5.2091,,,,13.75
2022-12-09,5.2396,,,,13.75
2022-12-10,,,,,13.75
2022-12-11,,,,,13.75
2022-12-12,5.3066,,,,13.75
2022-12-13,5.2669,,,,13.75
2022-12-14,5.3406,,,,13.75
2022-12-15,5.3183,,,,13.75
2022-12-16,5.2806,,,,13.75
2022-12-17,,,,,13.75
2022-12-18,,,,,13.75
2022-12-19,5.316,,,,13.75
2022-12-20,5.2427,,,,13.75
2022-12-21,5.2031,,,,13.75
2022-12-22,5.1871,,,,13.75
2022-12-23,5.1445,,,,13.75
2022-12-24,,,,,13.75
2022-12-25,,,,,13.75
2022-12-26,5.1872,,,,13.75
2022-12-27,5.2832,,,,13.75
2022-12-28,5.2736,,,,13.75
2022-12-29,5.2177,,,,13.75
2022-12-30,5.2177,,,,13.75
2022-12-31,,,,,13.75
2023-01-01,,8.4,0.53,811635.5,13.75
2023-01-02,5.3436,,,,13.75
2023-01-03,5.3759,,,,13.75
2023-01-04,5.4459,,,,13.75
2023-01-05,5.4026,,,,13.75
2023-01-06,5.2855,,,,13.75
2023-01-07,,,,,13.75
2023-01-08,,,,,13.75
2023-01-09,5.2967,,,,13.75
2023-01-10,5.2395,,,,13.75
2023-01-11,5.202,,,,13.75
2023-01-12,5.14,,,,13.75
2023-01-13,5.1146,,,,13.75
2023-01-14,,,,,13.75
2023-01-15,,,,,13.75
2023-01-16,5.1115,,,,13.75
2023-01-17,5.1203,,,,13.75
2023-01-18,5.0909,,,,13.75
2023-01-19,5.2144,,,,13.75
2023-01-20,5.1986,,,,13.75
2023-01-21,,,,,13.75
2023-01-22,,,,,13.75
2023-01-23,5.1922,,,,13.75
2023-01-24,5.1696,,,,13.75
2023-01-25,5.1042,,,,13.75
2023-01-26,5.0951,,,,13.75
2023-01-27,5.0767,,,,13.75
2023-01-28,,,,,13.75
2023-01-29,,,,,13.75
2023-01-30,5.0959,,,,13.75
2023-01-31,5.0993,,,,13.75
2023-02-01,5.0721,8.6,0.84,829964.1,13.75
2023-02-02,4.9901,,,,13.75
2023-02-03,5.103,,,,13.75
2023-02-04,,,,,13.75
2023-02-05,,,,,13.75
2023-02-06,5.1763,,,,13.75
2023-02-07,5.1695,,,,13.75
2023-02-08,5.2036,,,,13.75
2023-02-09,5.2315,,,,13.75
2023-02-10,5.2526,,,,13.75
2023-02-11,,,,,13.75
2023-02-12,,,,,13.75
2023-02-13,5.1834,,,,13.75
2023-02-14,5.1507,,,,13.75
2023-02-15,5.2243,,,,13.75
2023-02-16,5.2432,,,,13.75
2023-02-17,5.2012,,,,13.75
2023-02-18,,,,,13.75
2023-02-19,,,,,13.75
2023-02-20,,,,,13.75
2023-02-21,,,,,13.75
2023-02-22,5.173,,,,13.75
2023-02-23,5.133,,,,13.75
2023-02-24,5.1791,,,,13.75
2023-02-25,,,,,13.75
2023-02-26,,,,,13.75
2023-02-27,5.196,,,,13.75
2023-02-28,5.2078,,,,13.75
2023-03-01,5.207,8.8,0.71,939418.4,13.75
2023-03-02,5.208,,,,13.75
2023-03-03,5.2037,,,,13.75
2023-03-04,,,,,13.75
2023-03-05,,,,,13.75
2023-03-06,5.197,,,,13.75
2023-03-07,5.1901,,,,13.75
2023-03-08,5.1387,,,,13.75
2023-03-09,5.1353,,,,13.75
2023-03-10,5.1822,,,,13.75
2023-03-11,,,,,13.75
2023-03-12,,,,,13.75
2023-03-13,5.24,,,,13.75
2023-03-14,5.2362,,,,13.75
2023-03-15,5.2981,,,,13.75
2023-03-16,5.2892,,,,13.75
2023-03-17,5.2679,,,,13.75
2023-03-18,,,,,13.75
2023-03-19,,,,,13.75
2023-03-20,5.2467,,,,13.75
2023-03-21,5.2444,,,,13.75
2023-03-22,5.2648,,,,13.75
2023-03-23,5.2632,,,,13.75
2023-03-24,5.2921,,,,13.75
2023-03-25,,,,,13.75
2023-03-26,,,,,13.75
2023-03-27,5.2306,,,,13.75
2023-03-28,5.1733,,,,13.75
2023-03-29,5.1493,,,,13.75
2023-03-30,5.1254,,,,13.75
2023-03-31,5.0804,,,,13.75
2023-04-01,,8.5,0.61,909774.5,13.75
2023-04-02,,,,,13.75
2023-04-03,5.0637,,,,13.75
2023-04-04,5.0762,,,,13.75
2023-04-05,5.0447,,,,13.75
2023-04-06,5.0683,,,,13.75
2023-04-07,,,,,13.75
2023-04-08,,,,,13.75
2023-04-09,,,,,13.75
2023-04-10,5.0834,,,,13.75
2023-04-11,5.0128,,,,13.75
2023-04-12,4.9496,,,,13.75
2023-04-13,4.9097,,,,13.75
2023-04-14,4.9455,,,,13.75
2023-04-15,,,,,13.75
2023-04-16,,,,,13.75
2023-04-17,4.9421,,,,13.75
2023-04-18,4.9678,,,,13.75
2023-04-19,5.0467,,,,13.75
2023-04-20,5.0497,,,,13.75
2023-04-21,,,,,13.75
2023-04-22,,,,,13.75
2023-04-23,,,,,13.75
2023-04-24,5.0595,,,,13.75
2023-04-25,5.0613,,,,13.75
2023-04-26,5.0585,,,,13.75
2023-04-27,5.015,,,,13.75
2023-04-28,5.0007,,,,13.75
2023-04-29,,,,,13.75
2023-04-30,,,,,13.75
2023-05-01,,8.3,0.23,912462.1,13.75
2023-05-02,5.0334,,,,13.75
2023-05-03,5.0227,,,,13.75
2023-05-04,5.0106,,,,13.75
2023-05-05,4.9696,,,,13.75
2023-05-06,,,,,13.75
2023-05-07,,,,,13.75
2023-05-08,4.9696,,,,13.75
2023-05-09,5.0007,,,,13.75
2023-05-10,4.9547,,,,13.75
2023-05-11,4.9696,,,,13.75
2023-05-12,4.9234,,,,13.75
2023-05-13,,,,,13.75
2023-05-14,,,,,13.75
2023-05-15,4.9103,,,,13.75
2023-05-16,4.9122,,,,13.75
2023-05-17,4.9513,,,,13.75
2023-05-18,4.9647,,,,13.75
2023-05-19,4.9858,,,,13.75
2023-05-20,,,,,13.75
2023-05-21,,,,,13.75
2023-05-22,4.968,,,,13.75
2023-05-23,4.9674,,,,13.75
2023-05-24,4.9474,,,,13.75
2023-05-25,4.999,,,,13.75
2023-05-26,5.0114,,,,13.75
2023-05-27,,,,,13.75
2023-05-28,,,,,13.75
2023-05-29,4.9954,,,,13.75
2023-05-30,5.0593,,,,13.75
2023-05-31,5.0959,,,,13.75
2023-06-01,5.035,8.0,-0.08,905343.2,13.75
2023-06-02,4.9558,,,,13.75
2023-06-03,,,,,13.75
2023-06-04,,,,,13.75
2023-06-05,4.9236,,,,13.75
2023-06-06,4.9292,,,,13.75
2023-06-07,4.9119,,,,13.75
2023-06-08,,,,,13.75
2023-06-09,4.8922,,,,13.75
2023-06-10,,,,,13.75
2023-06-11,,,,,13.75
2023-06-12,4.8832,,,,13.75
2023-06-13,4.8533,,,,13.75
2023-06-14,4.8462,,,,13.75
2023-06-15,4.8222,,,,13.75
2023-06-16,4.8286,,,,13.75
2023-06-17,,,,,13.75
2023-06-18,,,,,13.75
2023-06-19,4.7803,,,,13.75
2023-06-20,4.793,,,,13.75
2023-06-21,4.7795,,,,13.75
2023-06-22,4.775,,,,13.75
2023-06-23,4.7799,,,,13.75
2023-06-24,,,,,13.75
2023-06-25,,,,,13.75
2023-06-26,4.7698,,,,13.75
2023-06-27,4.7903,,,,13.75
2023-06-28,4.8563,,,,13.75
2023-06-29,4.8584,,,,13.75
2023-06-30,4.8192,,,,13.75
2023-07-01,,7.9,0.12,921264.4,13.75
2023-07-02,,,,,13.75
2023-07-03,4.7876,,,,13.75
2023-07-04,4.8056,,,,13.75
2023-07-05,4.8577,,,,13.75
2023-07-06,4.8977,,,,13.75
2023-07-07,4.8799,,,,13.75
2023-07-08,,,,,13.75
2023-07-09,,,,,13.75
2023-07-10,4.8735,,,,13.75
2023-07-11,4.8949,,,,13.75
2023-07-12,4.8058,,,,13.75
2023-07-13,4.8038,,,,13.75
2023-07-14,4.7957,,,,13.75
2023-07-15,,,,,13.75
2023-07-16,,,,,13.75
2023-07-17,4.8302,,,,13.75
2023-07-18,4.804,,,,13.75
2023-07-19,4.8,,,,13.75
2023-07-20,4.7888,,,,13.75
2023-07-21,4.7732,,,,13.75
2023-07-22,,,,,13.75
2023-07-23,,,,,13.75
2023-07-24,4.7457,,,,13.75
2023-07-25,4.7496,,,,13.75
2023-07-26,4.7368,,,,13.75
2023-07-27,4.7202,,,,13.75
2023-07-28,4.7253,,,,13.75
2023-07-29,,,,,13.75
2023-07-30,,,,,13.75
2023-07-31,4.7415,,,,13.75
2023-08-01,4.7752,7.8,0.23,932397.4,13.75
2023-08-02,4.8083,,,,13.75
2023-08-03,4.8797,,,,13.25
2023-08-04,4.8609,,,,13.25
2023-08-05,,,,,13.25
2023-08-06,,,,,13.25
2023-08-07,4.901,,,,13.25
2023-08-08,4.9217,,,,13.25
2023-08-09,4.9015,,,,13.25
2023-08-10,4.8518,,,,13.25
2023-08-11,4.8918,,,,13.25
2023-08-12,,,,,13.25
2023-08-13,,,,,13.25
2023-08-14,4.9481,,,,13.25
2023-08-15,4.9812,,,,13.25
2023-08-16,4.9772,,,,13.25
2023-08-17,4.9816,,,,13.25
2023-08-18,4.9724,,,,13.25
2023-08-19,,,,,13.25
2023-08-20,,,,,13.25
2023-08-21,4.9847,,,,13.25
2023-08-22,4.9431,,,,13.25
2023-08-23,4.8977,,,,13.25
2023-08-24,4.8748,,,,13.25
2023-08-25,4.8772,,,,13.25
2023-08-26,,,,,13.25
2023-08-27,,,,,13.25
2023-08-28,4.8938,,,,13.25
2023-08-29,4.8706,,,,13.25
2023-08-30,4.8653,,,,13.25
2023-08-31,4.9219,,,,13.25
2023-09-01,4.9318,7.7,0.26,915783.6,13.25
2023-09-02,,,,,13.25
2023-09-03,,,,,13.25
2023-09-04,4.9176,,,,13.25
2023-09-05,4.9705,,,,13.25
2023-09-06,4.9762,,,,13.25
2023-09-07,,,,,13.25
2023-09-08,4.9835,,,,13.25
2023-09-09,,,,,13.25
2023-09-10,,,,,13.25
2023-09-11,4.9366,,,,13.25
2023-09-12,4.9505,,,,13.25
2023-09-13,4.9171,,,,13.25
2023-09-14,4.8751,,,,13.25
2023-09-15,4.8689,,,,13.25
2023-09-16,,,,,13.25
2023-09-17,,,,,13.25
2023-09-18,4.8535,,,,13.25
2023-09-19,4.8575,,,,13.25
2023-09-20,4.8487,,,,13.25
2023-09-21,4.9229,,,,12.75
2023-09-22,4.9131,,,,12.75
2023-09-23,,,,,12.75
2023-09-24,,,,,12.75
2023-09-25,4.9606,,,,12.75
2023-09-26,4.9717,,,,12.75
2023-09-27,5.0289,,,,12.75
2023-09-28,5.0475,,,,12.75
2023-09-29,5.0076,,,,12.75
2023-09-30,,,,,12.75
2023-10-01,,7.6,0.24,953962.4,12.75
2023-10-02,5.0679,,,,12.75
2023-10-03,5.11,,,,12.75
2023-10-04,5.1526,,,,12.75
2023-10-05,5.1713,,,,12.75
2023-10-06,5.1918,,,,12.75
2023-10-07,,,,,12.75
2023-10-08,,,,,12.75
2023-10-09,5.1666,,,,12.75
2023-10-10,5.0862,,,,12.75
2023-10-11,5.0496,,,,12.75
2023-10-12,,,,,12.75
2023-10-13,5.0625,,,,12.75
2023-10-14,,,,,12.75
2023-10-15,,,,,12.75
2023-10-16,5.0618,,,,12.75
2023-10-17,5.0384,,,,12.75
2023-10-18,5.0568,,,,12.75
2023-10-19,5.054,,,,12.75
2023-10-20,5.0528,,,,12.75
2023-10-21,,,,,12.75
2023-10-22,,,,,12.75
2023-10-23,5.0164,,,,12.75
2023-10-24,5.0065,,,,12.75
2023-10-25,4.9981,,,,12.75
2023-10-26,5.0055,,,,12.75
2023-10-27,4.948,,,,12.75
2023-10-28,,,,,12.75
2023-10-29,,,,,12.75
2023-10-30,5.0074,,,,12.75
2023-10-31,5.0575,,,,12.75
2023-11-01,5.0194,7.5,0.28,961939.4,12.75
2023-11-02,,,,,12.25
2023-11-03,4.891,,,,12.25
2023-11-04,,,,,12.25
2023-11-05,,,,,12.25
2023-11-06,4.8999,,,,12.25
2023-11-07,4.867,,,,12.25
2023-11-08,4.8855,,,,12.25
2023-11-09,4.9007,,,,12.25
2023-11-10,4.9219,,,,12.25
2023-11-11,,,,,12.25
2023-11-12,,,,,12.25
2023-11-13,4.9247,,,,12.25
2023-11-14,4.8682,,,,12.25
2023-11-15,,,,,12.25
2023-11-16,4.8575,,,,12.25
2023-11-17,4.8849,,,,12.25
2023-11-18,,,,,12.25
2023-11-19,,,,,12.25
2023-11-20,4.8723,,,,12.25
2023-11-21,4.8806,,,,12.25
2023-11-22,4.8968,,,,12.25
2023-11-23,4.8931,,,,12.25
2023-11-24,4.8927,,,,12.25
2023-11-25,,,,,12.25
2023-11-26,,,,,12.25
2023-11-27,4.8951,,,,12.25
2023-11-28,4.8867,,,,12.25
2023-11-29,4.8933,,,,12.25
2023-11-30,4.9355,,,,12.25
2023-12-01,4.9191,7.4,0.56,949399.6,12.25
2023-12-02,,,,,12.25
2023-12-03,,,,,12.25
2023-12-04,4.9091,,,,12.25
2023-12-05,4.9522,,,,12.25
2023-12-06,4.9031,,,,12.25
2023-12-07,4.8949,,,,12.25
2023-12-08,4.9158,,,,12.25
2023-12-09,,,,,12.25
2023-12-10,,,,,12.25
2023-12-11,4.944,,,,12.25
2023-12-12,4.9476,,,,12.25
2023-12-13,4.958,,,,12.25
2023-12-14,4.8912,,,,11.75
2023-12-15,4.9397,,,,11.75
2023-12-16,,,,,11.75
2023-12-17,,,,,11.75
2023-12-18,4.9399,,,,11.75
2023-12-19,4.8663,,,,11.75
2023-12-20,4.8766,,,,11.75
2023-12-21,4.8755,,,,11.75
2023-12-22,4.8619,,,,11.75
2023-12-23,,,,,11.75
2023-12-24,,,,,11.75
2023-12-25,,,,,11.75
2023-12-26,4.8368,,,,11.75
2023-12-27,4.8306,,,,11.75
2023-12-28,4.8413,,,,11.75
2023-12-29,4.8413,,,,11.75
2023-12-30,,,,,11.75
2023-12-31,,,,,11.75
2024-01-01,,7.6,0.42,888765.7,11.75
2024-01-02,4.8916,,,,11.75
2024-01-03,4.9212,,,,11.75
2024-01-04,4.9188,,,,11.75
2024-01-05,4.8899,,,,11.75
2024-01-06,,,,,11.75
2024-01-07,,,,,11.75
2024-01-08,4.885,,,,11.75
2024-01-09,4.8937,,,,11.75
2024-01-10,4.8901,,,,11.75
2024-01-11,4.8794,,,,11.75
2024-01-12,4.8543,,,,11.75
2024-01-13,,,,,11.75
2024-01-14,,,,,11.75
2024-01-15,4.8765,,,,11.75
2024-01-16,4.9038,,,,11.75
2024-01-17,4.9346,,,,11.75
2024-01-18,4.9403,,,,11.75
2024-01-19,4.9223,,,,11.75
2024-01-20,,,,,11.75
2024-01-21,,,,,11.75
2024-01-22,4.949,,,,11.75
2024-01-23,4.9715,,,,11.75
2024-01-24,4.9192,,,,11.75
2024-01-25,4.9232,,,,11.75
2024-01-26,4.9125,,,,11.75
2024-01-27,,,,,11.75
2024-01-28,,,,,11.75
2024-01-29,4.9225,,,,11.75
2024-01-30,4.9638,,,,11.75
2024-01-31,4.9535,,,,11.75
2024-02-01,4.935,7.8,0.83,899016.3,11.25
2024-02-02,4.9471,,,,11.25
2024-02-03,,,,,11.25
2024-02-04,,,,,11.25
2024-02-05,5.0053,,,,11.25
2024-02-06,4.9687,,,,11.25
2024-02-07,4.9608,,,,11.25
2024-02-08,4.9804,,,,11.25
2024-02-09,4.9717,,,,11.25
2024-02-10,,,,,11.25
2024-02-11,,,,,11.25
2024-02-12,,,,,11.25
2024-02-13,,,,,11.25
2024-02-14,4.9723,,,,11.25
2024-02-15,4.971,,,,11.25
2024-02-16,4.9761,,,,11.25
2024-02-17,,,,,11.25
2024-02-18,,,,,11.25
2024-02-19,4.9585,,,,11.25
2024-02-20,4.9408,,,,11.25
2024-02-21,4.9303,,,,11.25
2024-02-22,4.9419,,,,11.25
2024-02-23,4.9851,,,,11.25
2024-02-24,,,,,11.25
2024-02-25,,,,,11.25
2024-02-26,4.9819,,,,11.25
2024-02-27,4.9575,,,,11.25
2024-02-28,4.9557,,,,11.25
2024-02-29,4.9833,,,,11.25
2024-03-01,4.9596,7.9,0.16,965417.8,11.25
2024-03-02,,,,,11.25
2024-03-03,,,,,11.25
2024-03-04,4.9475,,,,11.25
2024-03-05,4.9488,,,,11.25
2024-03-06,4.9398,,,,11.25
2024-03-07,4.9364,,,,11.25
2024-03-08,4.9751,,,,11.25
2024-03-09,,,,,11.25
2024-03-10,,,,,11.25
2024-03-11,4.9777,,,,11.25
2024-03-12,4.9813,,,,11.25
2024-03-13,4.9803,,,,11.25
2024-03-14,4.9768,,,,11.25
2024-03-15,4.9937,,,,11.25
2024-03-16,,,,,11.25
2024-03-17,,,,,11.25
2024-03-18,5.0124,,,,11.25
2024-03-19,5.0352,,,,11.25
2024-03-20,5.012,,,,11.25
2024-03-21,4.9807,,,,10.75
2024-03-22,4.9897,,,,10.75
2024-03-23,,,,,10.75
2024-03-24,,,,,10.75
2024-03-25,4.9869,,,,10.75
2024-03-26,4.987,,,,10.75
2024-03-27,4.9856,,,,10.75
2024-03-28,4.9962,,,,10.75
2024-03-29,,,,,10.75
2024-03-30,,,,,10.75
2024-03-31,,,,,10.75
2024-04-01,5.0532,7.5,0.38,989530.3,10.75
2024-04-02,5.0476,,,,10.75
2024-04-03,5.0724,,,,10.75
2024-04-04,5.0237,,,,10.75
2024-04-05,5.052,,,,10.75
2024-04-06,,,,,10.75
2024-04-07,,,,,10.75
2024-04-08,5.0421,,,,10.75
2024-04-09,5.008,,,,10.75
2024-04-10,5.0654,,,,10.75
2024-04-11,5.0765,,,,10.75
2024-04-12,5.1364,,,,10.75
2024-04-13,,,,,10.75
2024-04-14,,,,,10.75
2024-04-15,5.1746,,,,10.75
2024-04-16,5.2635,,,,10.75
2024-04-17,5.2469,,,,10.75
2024-04-18,5.2512,,,,10.75
2024-04-19,5.2269,,,,10.75
2024-04-20,,,,,10.75
2024-04-21,,,,,10.75
2024-04-22,5.2043,,,,10.75
2024-04-23,5.1626,,,,10.75
2024-04-24,5.1592,,,,10.75
2024-04-25,5.1679,,,,10.75
2024-04-26,5.1184,,,,10.75
2024-04-27,,,,,10.75
2024-04-28,,,,,10.75
2024-04-29,5.1155,,,,10.75
2024-04-30,5.1718,,,,10.75
2024-05-01,,7.1,0.46,961916.2,10.75
2024-05-02,5.1184,,,,10.75
2024-05-03,5.0668,,,,10.75
2024-05-04,,,,,10.75
2024-05-05,,,,,10.75
2024-05-06,5.0727,,,,10.75
2024-05-07,5.061,,,,10.75
2024-05-08,5.0887,,,,10.75
2024-05-09,5.1577,,,,10.5
2024-05-10,5.1464,,,,10.5
2024-05-11,,,,,10.5
2024-05-12,,,,,10.5
2024-05-13,5.1412,,,,10.5
2024-05-14,5.1356,,,,10.5
2024-05-15,5.1423,,,,10.5
2024-05-16,5.127,,,,10.5
2024-05-17,5.1157,,,,10.5
2024-05-18,,,,,10.5
2024-05-19,,,,,10.5
2024-05-20,5.1085,,,,10.5
2024-05-21,5.1037,,,,10.5
2024-05-22,5.1502,,,,10.5
2024-05-23,5.1443,,,,10.5
2024-05-24,5.1508,,,,10.5
2024-05-25,,,,,10.5
2024-05-26,,,,,10.5
2024-05-27,5.1704,,,,10.5
2024-05-28,5.1538,,,,10.5
2024-05-29,5.1972,,,,10.5
2024-05-30,,,,,10.5
2024-05-31,5.2416,,,,10.5
2024-06-01,,6.9,0.21,969783.0,10.5
2024-06-02,,,,,10.5
2024-06-03,5.2373,,,,10.5
2024-06-04,5.2687,,,,10.5
2024-06-05,5.2841,,,,10.5
2024-06-06,5.2681,,,,10.5
2024-06-07,5.2802,,,,10.5
2024-06-08,,,,,10.5
2024-06-09,,,,,10.5
2024-06-10,5.3666,,,,10.5
2024-06-11,5.3524,,,,10.5
2024-06-12,5.3891,,,,10.5
2024-06-13,5.3974,,,,10.5
2024-06-14,5.363,,,,10.5
2024-06-15,,,,,10.5
2024-06-16,,,,,10.5
2024-06-17,5.413,,,,10.5
2024-06-18,5.4074,,,,10.5
2024-06-19,5.4647,,,,10.5
2024-06-20,5.4254,,,,10.5
2024-06-21,5.4416,,,,10.5
2024-06-22,,,,,10.5
2024-06-23,,,,,10.5
2024-06-24,5.4,,,,10.5
2024-06-25,5.429,,,,10.5
2024-06-26,5.5097,,,,10.5
2024-06-27,5.5229,,,,10.5
2024-06-28,5.5589,,,,10.5
2024-06-29,,,,,10.5
2024-06-30,,,,,10.5
2024-07-01,5.5893,6.8,0.38,1008057.5,10.5
2024-07-02,5.6677,,,,10.5
2024-07-03,5.5863,,,,10.5
2024-07-04,5.4839,,,,10.5
2024-07-05,5.497,,,,10.5
2024-07-06,,,,,10.5
2024-07-07,,,,,10.5
2024-07-08,5.472,,,,10.5
2024-07-09,5.4387,,,,10.5
2024-07-10,5.3967,,,,10.5
2024-07-11,5.41,,,,10.5
2024-07-12,5.4529,,,,10.5
2024-07-13,,,,,10.5
2024-07-14,,,,,10.5
2024-07-15,5.4563,,,,10.5
2024-07-16,5.4274,,,,10.5
2024-07-17,5.467,,,,10.5
2024-07-18,5.5426,,,,10.5
2024-07-19,5.5543,,,,10.5
2024-07-20,,,,,10.5
2024-07-21,,,,,10.5
2024-07-22,5.5598,,,,10.5
2024-07-23,5.5807,,,,10.5
2024-07-24,5.6346,,,,10.5
2024-07-25,5.6402,,,,10.5
2024-07-26,5.6465,,,,10.5
2024-07-27,,,,,10.5
2024-07-28,,,,,10.5
2024-07-29,5.6479,,,,10.5
2024-07-30,5.6532,,,,10.5
2024-07-31,5.6621,,,,10.5
2024-08-01,5.6681,6.6,-0.02,993815.6,10.5
2024-08-02,5.7366,,,,10.5
2024-08-03,,,,,10.5
2024-08-04,,,,,10.5
2024-08-05,5.7646,,,,10.5
2024-08-06,5.6528,,,,10.5
2024-08-07,5.6093,,,,10.5
2024-08-08,5.6172,,,,10.5
2024-08-09,5.5115,,,,10.5
2024-08-10,,,,,10.5
2024-08-11,,,,,10.5
2024-08-12,5.4911,,,,10.5
2024-08-13,5.4875,,,,10.5
2024-08-14,5.4502,,,,10.5
2024-08-15,5.4651,,,,10.5
2024-08-16,5.4632,,,,10.5
2024-08-17,,,,,10.5
2024-08-18,,,,,10.5
2024-08-19,5.4237,,,,10.5
2024-08-20,5.4547,,,,10.5
2024-08-21,5.4707,,,,10.5
2024-08-22,5.5524,,,,10.5
2024-08-23,5.5263,,,,10.5
2024-08-24,,,,,10.5
2024-08-25,,,,,10.5
2024-08-26,5.4921,,,,10.5
2024-08-27,5.4969,,,,10.5
2024-08-28,5.5315,,,,10.5
2024-08-29,5.6358,,,,10.5
2024-08-30,5.6562,,,,10.5
2024-08-31,,,,,10.5
2024-09-01,,6.4,0.44,988040.3,10.5
2024-09-02,5.623,,,,10.5
2024-09-03,5.6224,,,,10.5
2024-09-04,5.6359,,,,10.5
2024-09-05,5.6049,,,,10.5
2024-09-06,5.5702,,,,10.5
2024-09-07,,,,,10.5
2024-09-08,,,,,10.5
2024-09-09,5.6097,,,,10.5
2024-09-10,5.6254,,,,10.5
2024-09-11,5.6387,,,,10.5
2024-09-12,5.6554,,,,10.5
2024-09-13,5.5717,,,,10.5
2024-09-14,,,,,10.5
2024-09-15,,,,,10.5
2024-09-16,5.5207,,,,10.5
2024-09-17,5.501,,,,10.5
2024-09-18,5.4767,,,,10.5
2024-09-19,5.4189,,,,10.75
2024-09-20,5.4775,,,,10.75
2024-09-21,,,,,10.75
2024-09-22,,,,,10.75
2024-09-23,5.5446,,,,10.75
2024-09-24,5.4702,,,,10.75
2024-09-25,5.4736,,,,10.75
2024-09-26,5.4412,,,,10.75
2024-09-27,5.4431,,,,10.75
2024-09-28,,,,,10.75
2024-09-29,,,,,10.75
2024-09-30,5.4481,,,,10.75
2024-10-01,5.4521,6.2,0.56,1048130.2,10.75
2024-10-02,5.4305,,,,10.75
2024-10-03,5.485,,,,10.75
2024-10-04,5.4686,,,,10.75
2024-10-05,,,,,10.75
2024-10-06,,,,,10.75
2024-10-07,5.4626,,,,10.75
2024-10-08,5.5197,,,,10.75
2024-10-09,5.5737,,,,10.75
2024-10-10,5.5819,,,,10.75
2024-10-11,5.6263,,,,10.75
2024-10-12,,,,,10.75
2024-10-13,,,,,10.75
2024-10-14,5.6045,,,,10.75
2024-10-15,5.6378,,,,10.75
2024-10-16,5.6749,,,,10.75
2024-10-17,5.6758,,,,10.75
2024-10-18,5.6672,,,,10.75
2024-10-19,,,,,10.75
2024-10-20,,,,,10.75
2024-10-21,5.7068,,,,10.75
2024-10-22,5.6958,,,,10.75
2024-10-23,5.7149,,,,10.75
2024-10-24,5.7087,,,,10.75
2024-10-25,5.6969,,,,10.75
2024-10-26,,,,,10.75
2024-10-27,,,,,10.75
2024-10-28,5.6988,,,,10.75
2024-10-29,5.714,,,,10.75
2024-10-30,5.7801,,,,10.75
2024-10-31,5.7779,,,,10.75
2024-11-01,5.8073,6.1,0.39,1026231.2,10.75
2024-11-02,,,,,10.75
2024-11-03,,,,,10.75
2024-11-04,5.7898,,,,10.75
2024-11-05,5.7846,,,,10.75
2024-11-06,5.7648,,,,10.75
2024-11-07,5.6624,,,,11.25
2024-11-08,5.7648,,,,11.25
2024-11-09,,,,,11.25
2024-11-10,,,,,11.25
2024-11-11,5.798,,,,11.25
2024-11-12,5.7694,,,,11.25
2024-11-13,5.7713,,,,11.25
2024-11-14,5.7885,,,,11.25
2024-11-15,,,,,11.25
2024-11-16,,,,,11.25
2024-11-17,,,,,11.25
2024-11-18,5.7603,,,,11.25
2024-11-19,5.7743,,,,11.25
2024-11-20,,,,,11.25
2024-11-21,5.8173,,,,11.25
2024-11-22,5.8124,,,,11.25
2024-11-23,,,,,11.25
2024-11-24,,,,,11.25
2024-11-25,5.8002,,,,11.25
2024-11-26,5.799,,,,11.25
2024-11-27,5.8291,,,,11.25
2024-11-28,5.9871,,,,11.25
2024-11-29,6.0535,,,,11.25
2024-11-30,,,,,11.25
2024-12-01,,6.2,0.52,1006006.2,11.25
2024-12-02,6.0634,,,,11.25
2024-12-03,6.0707,,,,11.25
2024-12-04,6.0581,,,,11.25
2024-12-05,5.9849,,,,11.25
2024-12-06,6.0293,,,,11.25
2024-12-07,,,,,11.25
2024-12-08,,,,,11.25
2024-12-09,6.057,,,,11.25
2024-12-10,6.0529,,,,11.25
2024-12-11,6.032,,,,11.25
2024-12-12,5.9408,,,,12.25
2024-12-13,6.04,,,,12.25
2024-12-14,,,,,12.25
2024-12-15,,,,,12.25
2024-12-16,6.0509,,,,12.25
2024-12-17,6.1685,,,,12.25
2024-12-18,6.1624,,,,12.25
2024-12-19,6.1841,,,,12.25
2024-12-20,6.078,,,,12.25
2024-12-21,,,,,12.25
2024-12-22,,,,,12.25
2024-12-23,6.1612,,,,12.25
2024-12-24,6.1541,,,,12.25
2024-12-25,,,,,12.25
2024-12-26,6.1656,,,,12.25
2024-12-27,6.1991,,,,12.25
2024-12-28,,,,,12.25
2024-12-29,,,,,12.25
2024-12-30,6.1923,,,,12.25
2024-12-31,6.1923,,,,12.25
2025-01-01,,6.5,0.16,960910.2,12.25
2025-01-02,6.2086,,,,12.25
2025-01-03,6.1563,,,,12.25
2025-01-04,,,,,12.25
2025-01-05,,,,,12.25
2025-01-06,6.1119,,,,12.25
2025-01-07,6.0741,,,,12.25
2025-01-08,6.1321,,,,12.25
2025-01-09,6.0896,,,,12.25
2025-01-10,6.0965,,,,12.25
2025-01-11,,,,,12.25
2025-01-12,,,,,12.25
2025-01-13,6.1079,,,,12.25
2025-01-14,6.0671,,,,12.25
2025-01-15,6.0377,,,,12.25
2025-01-16,6.0322,,,,12.25
2025-01-17,6.0609,,,,12.25
2025-01-18,,,,,12.25
2025-01-19,,,,,12.25
2025-01-20,6.0498,,,,12.25
2025-01-21,6.044,,,,12.25
2025-01-22,5.9674,,,,12.25
2025-01-23,5.9399,,,,12.25
2025-01-24,5.8925,,,,12.25
2025-01-25,,,,,12.25
2025-01-26,,,,,12.25
2025-01-27,5.9272,,,,12.25
2025-01-28,5.893,,,,12.25
2025-01-29,5.8596,,,,12.25
2025-01-30,5.9006,,,,13.25
2025-01-31,5.8301,,,,13.25
2025-02-01,,6.8,1.31,992707.0,13.25
2025-02-02,,,,,13.25
2025-02-03,5.8687,,,,13.25
2025-02-04,5.7927,,,,13.25
2025-02-05,5.7997,,,,13.25
2025-02-06,5.7856,,,,13.25
2025-02-07,5.7557,,,,13.25
2025-02-08,,,,,13.25
2025-02-09,,,,,13.25
2025-02-10,5.7808,,,,13.25
2025-02-11,5.7788,,,,13.25
2025-02-12,5.7711,,,,13.25
2025-02-13,5.7788,,,,13.25
2025-02-14,5.7283,,,,13.25
2025-02-15,,,,,13.25
2025-02-16,,,,,13.25
2025-02-17,5.7105,,,,13.25
2025-02-18,5.6979,,,,13.25
2025-02-19,5.7087,,,,13.25
2025-02-20,5.7019,,,,13.25
2025-02-21,5.7027,,,,13.25
2025-02-22,,,,,13.25
2025-02-23,,,,,13.25
2025-02-24,5.7258,,,,13.25
2025-02-25,5.7779,,,,13.25
2025-02-26,5.7757,,,,13.25
2025-02-27,5.8228,,,,13.25
2025-02-28,5.8488,,,,13.25
2025-03-01,,7.0,0.56,1065961.6,13.25
2025-03-02,,,,,13.25
2025-03-03,,,,,13.25
2025-03-04,,,,,13.25
2025-03-05,5.7914,,,,13.25
2025-03-06,5.7489,,,,13.25
2025-03-07,5.7688,,,,13.25
2025-03-08,,,,,13.25
2025-03-09,,,,,13.25
2025-03-10,5.793,,,,13.25
2025-03-11,5.8346,,,,13.25
2025-03-12,5.8268,,,,13.25
2025-03-13,5.8131,,,,13.25
2025-03-14,5.7419,,,,13.25
2025-03-15,,,,,13.25
2025-03-16,,,,,13.25
2025-03-17,5.7082,,,,13.25
2025-03-18,5.6852,,,,13.25
2025-03-19,5.6657,,,,13.25
2025-03-20,5.6628,,,,14.25
2025-03-21,5.7241,,,,14.25
2025-03-22,,,,,14.25
2025-03-23,,,,,14.25
2025-03-24,5.7403,,,,14.25
2025-03-25,5.6992,,,,14.25
2025-03-26,5.7298,,,,14.25
2025-03-27,5.7474,,,,14.25
2025-03-28,5.766,,,,14.25
2025-03-29,,,,,14.25
2025-03-30,,,,,14.25
2025-03-31,5.7422,,,,14.25
2025-04-01,5.7051,6.6,0.43,1078940.2,14.25
2025-04-02,5.6923,,,,14.25
2025-04-03,5.6067,,,,14.25
2025-04-04,5.7777,,,,14.25
2025-04-05,,,,,14.25
2025-04-06,,,,,14.25
2025-04-07,5.8877,,,,14.25
2025-04-08,5.9368,,,,14.25
2025-04-09,6.0605,,,,14.25
2025-04-10,5.9115,,,,14.25
2025-04-11,5.8737,,,,14.25
2025-04-12,,,,,14.25
2025-04-13,,,,,14.25
2025-04-14,5.8425,,,,14.25
2025-04-15,5.8707,,,,14.25
2025-04-16,5.8808,,,,14.25
2025-04-17,5.8559,,,,14.25
2025-04-18,,,,,14.25
2025-04-19,,,,,14.25
2025-04-20,,,,,14.25
2025-04-21,,,,,14.25
2025-04-22,5.7496,,,,14.25
2025-04-23,5.688,,,,14.25
2025-04-24,5.6738,,,,14.25
2025-04-25,5.6846,,,,14.25
2025-04-26,,,,,14.25
2025-04-27,,,,,14.25
2025-04-28,5.6681,,,,14.25
2025-04-29,5.6467,,,,14.25
2025-04-30,5.6608,,,,14.25
2025-05-01,,6.2,0.26,1054943.6,14.25
2025-05-02,5.6394,,,,14.25
2025-05-03,,,,,14.25
2025-05-04,,,,,14.25
2025-05-05,5.652,,,,14.25
2025-05-06,5.721,,,,14.25
2025-05-07,5.7375,,,,14.25
2025-05-08,5.686,,,,14.75
2025-05-09,5.6511,,,,14.75
2025-05-10,,,,,14.75
2025-05-11,,,,,14.75
2025-05-12,5.6822,,,,14.75
2025-05-13,5.6262,,,,14.75
2025-05-14,5.61,,,,14.75
2025-05-15,5.6328,,,,14.75
2025-05-16,5.6925,,,,14.75
2025-05-17,,,,,14.75
2025-05-18,,,,,14.75
2025-05-19,5.6591,,,,14.75
2025-05-20,5.662,,,,14.75
2025-05-21,5.6571,,,,14.75
2025-05-22,5.639,,,,14.75
2025-05-23,5.6932,,,,14.75
2025-05-24,,,,,14.75
2025-05-25,,,,,14.75
2025-05-26,5.6619,,,,14.75
2025-05-27,5.6539,,,,14.75
2025-05-28,5.6936,,,,14.75
2025-05-29,5.6559,,,,14.75
2025-05-30,5.7087,,,,14.75
2025-05-31,,,,,14.75
2025-06-01,,5.8,0.24,1042861.2,14.75
2025-06-02,5.6937,,,,14.75
2025-06-03,5.6694,,,,14.75
2025-06-04,5.6332,,,,14.75
2025-06-05,5.5969,,,,14.75
2025-06-06,5.5947,,,,14.75
2025-06-07,,,,,14.75
2025-06-08,,,,,14.75
2025-06-09,5.576,,,,14.75
2025-06-10,5.5557,,,,14.75
2025-06-11,5.539,,,,14.75
2025-06-12,5.5388,,,,14.75
2025-06-13,5.5652,,,,14.75
2025-06-14,,,,,14.75
2025-06-15,,,,,14.75
2025-06-16,5.5123,,,,14.75
2025-06-17,5.4773,,,,14.75
2025-06-18,5.4879,,,,14.75
2025-06-19,,,,,15.0
2025-06-20,5.4957,,,,15.0
2025-06-21,,,,,15.0
2025-06-22,,,,,15.0
2025-06-23,5.5213,,,,15.0
2025-06-24,5.4938,,,,15.0
2025-06-25,5.5427,,,,15.0
2025-06-26,5.5145,,,,15.0
2025-06-27,5.4759,,,,15.0
2025-06-28,,,,,15.0
2025-06-29,,,,,15.0
2025-06-30,5.4571,,,,15.0
2025-07-01,5.4511,5.6,0.26,1085704.1,15.0
2025-07-02,5.4512,,,,15.0
2025-07-03,5.4208,,,,15.0
2025-07-04,5.409,,,,15.0
2025-07-05,,,,,15.0
2025-07-06,,,,,15.0
2025-07-07,5.4552,,,,15.0
2025-07-08,5.4571,,,,15.0
2025-07-09,5.4626,,,,15.0
2025-07-10,5.5433,,,,15.0
2025-07-11,5.5722,,,,15.0
2025-07-12,,,,,15.0
2025-07-13,,,,,15.0
2025-07-14,5.5595,,,,15.0
2025-07-15,5.5576,,,,15.0
2025-07-16,5.5722,,,,15.0
2025-07-17,5.5737,,,,15.0
2025-07-18,5.5466,,,,15.0
2025-07-19,,,,,15.0
2025-07-20,,,,,15.0
2025-07-21,5.5625,,,,15.0
2025-07-22,5.5709,,,,15.0
2025-07-23,5.5537,,,,15.0
2025-07-24,5.5239,,,,15.0
2025-07-25,5.5426,,,,15.0
2025-07-26,,,,,15.0
2025-07-27,,,,,15.0
2025-07-28,5.5877,,,,15.0
2025-07-29,5.5764,,,,15.0
2025-07-30,5.6034,,,,15.0
2025-07-31,5.6021,,,,15.0
2025-08-01,5.5436,5.6,-0.11,1059421.6,15.0
2025-08-02,,,,,15.0
2025-08-03,,,,,15.0
2025-08-04,5.5113,,,,15.0
2025-08-05,5.5119,,,,15.0
2025-08-06,5.4802,,,,15.0
2025-08-07,5.4638,,,,15.0
2025-08-08,5.4254,,,,15.0
2025-08-09,,,,,15.0
2025-08-10,,,,,15.0
2025-08-11,5.4473,,,,15.0
2025-08-12,5.4052,,,,15.0
2025-08-13,5.3928,,,,15.0
2025-08-14,5.4095,,,,15.0
2025-08-15,5.3928,,,,15.0
2025-08-16,,,,,15.0
2025-08-17,,,,,15.0
2025-08-18,5.4155,,,,15.0
2025-08-19,5.4716,,,,15.0
2025-08-20,5.4726,,,,15.0
2025-08-21,5.4828,,,,15.0
2025-08-22,5.4392,,,,15.0
2025-08-23,,,,,15.0
2025-08-24,,,,,15.0
2025-08-25,5.4174,,,,15.0
2025-08-26,5.4218,,,,15.0
2025-08-27,5.4428,,,,15.0
2025-08-28,5.4115,,,,15.0
2025-08-29,5.4264,,,,15.0
2025-08-30,,,,,15.0
2025-08-31,,,,,15.0
2025-09-01,5.4378,5.6,0.48,1063937.4,15.0
2025-09-02,5.468,,,,15.0
2025-09-03,5.4485,,,,15.0
2025-09-04,5.4587,,,,15.0
2025-09-05,5.3968,,,,15.0
2025-09-06,,,,,15.0
2025-09-07,,,,,15.0
2025-09-08,5.4278,,,,15.0
2025-09-09,5.4278,,,,15.0
2025-09-10,5.4123,,,,15.0
2025-09-11,5.3858,,,,15.0
2025-09-12,5.3677,,,,15.0
2025-09-13,,,,,15.0
2025-09-14,,,,,15.0
2025-09-15,5.3208,,,,15.0
2025-09-16,5.3096,,,,15.0
2025-09-17,5.3011,,,,15.0
2025-09-18,5.301,,,,15.0
2025-09-19,5.3276,,,,15.0
2025-09-20,,,,,15.0
2025-09-21,,,,,15.0
2025-09-22,5.3457,,,,15.0
2025-09-23,5.3063,,,,15.0
2025-09-24,5.3112,,,,15.0
2025-09-25,5.3425,,,,15.0
2025-09-26,5.3445,,,,15.0
2025-09-27,,,,,15.0
2025-09-28,,,,,15.0
2025-09-29,5.3229,,,,15.0
2025-09-30,5.3186,,,,15.0
2025-10-01,5.3208,,0.09,1095958.6,15.0
2025-10-02,5.3449,,,,15.0
2025-10-03,5.3498,,,,15.0
2025-10-04,,,,,15.0
2025-10-05,,,,,15.0
2025-10-06,5.3226,,,,15.0
2025-10-07,5.3363,,,,15.0
2025-10-08,5.3427,,,,15.0
2025-10-09,5.3538,,,,15.0
2025-10-10,5.4446,,,,15.0
2025-10-11,,,,,15.0
2025-10-12,,,,,15.0
2025-10-13,5.4629,,,,15.0
2025-10-14,5.4982,,,,15.0
2025-10-15,5.4464,,,,15.0
2025-10-16,5.4354,,,,15.0
2025-10-17,5.439,,,,15.0
2025-10-18,,,,,15.0
2025-10-19,,,,,15.0
2025-10-20,5.3771,,,,15.0
2025-10-21,5.3848,,,,15.0
2025-10-22,5.3898,,,,15.0
2025-10-23,5.384,,,,15.0
2025-10-24,5.3797,,,,15.0
2025-10-25,,,,,15.0
2025-10-26,,,,,15.0
2025-10-27,5.3744,,,,15.0
2025-10-28,5.369,,,,15.0
2025-10-29,5.3416,,,,15.0
2025-10-30,5.385,,,,15.0
2025-10-31,5.3843,,,,15.0
2025-11-01,,,,,15.0
2025-11-02,,,,,15.0
2025-11-03,5.3505,,,,15.0
2025-11-04,5.3846,,,,15.0
2025-11-05,5.3798,,,,15.0
2025-11-06,5.3451,,,,15.0
2025-11-07,5.3567,,,,15.0
2025-11-08,,,,,15.0
2025-11-09,,,,,15.0
2025-11-10,5.3181,,,,15.0
2025-11-11,5.2729,,,,15.0
2025-11-12,5.2885,,,,15.0
2025-11-13,5.282,,,,15.0
2025-11-14,5.2952,,,,15.0
